catalog_id,title,author,alternate_titles,isbn13,year,edition_notes,series,ambiguity_tag
CAT-001,1984,George Orwell,Nineteen Eighty-Four|Nineteen Eighty Four,9780451524935,1950,Signet Classic paperback,,edition_pair
CAT-002,1984,George Orwell,Nineteen Eighty-Four|Nineteen Eighty Four,9780141036144,2008,Penguin Modern Classics hardcover,,edition_pair
CAT-003,Pride and Prejudice,Jane Austen,Pride & Prejudice,9780141439518,2003,Penguin Classics paperback,,edition_pair
CAT-004,Pride and Prejudice,Jane Austen,Pride & Prejudice,9780141040349,2008,Penguin Clothbound Classics,,edition_pair
CAT-005,Harry Potter and the Sorcerer's Stone,J.K. Rowling,Harry Potter and the Philosopher's Stone|Sorcerer's Stone,9780590353427,1998,US Scholastic edition,Harry Potter,us_uk_title
CAT-006,Harry Potter and the Philosopher's Stone,J. K. Rowling,Harry Potter and the Sorcerer's Stone|Philosopher's Stone,9780747532699,1997,UK Bloomsbury edition,Harry Potter,us_uk_title
CAT-007,The Magician's Nephew,C.S. Lewis,Magician's Nephew,9780064471107,1994,US HarperCollins,The Chronicles of Narnia,us_uk_title
CAT-008,The Philosopher's Stone,Colin Wilson,,9781932595406,2006,Unrelated book — title collision with Potter UK title,,shared_title
CAT-009,Harry Potter and the Chamber of Secrets,J.K. Rowling,Chamber of Secrets,9780439064873,1999,US edition,Harry Potter,
CAT-010,Harry Potter and the Prisoner of Azkaban,JK Rowling,Prisoner of Azkaban,9780439136365,1999,US edition; author initials without punctuation,Harry Potter,author_variant
CAT-011,Harry Potter and the Goblet of Fire,Joanne Rowling,Goblet of Fire|Harry Potter 4,9780439139601,2000,Author full given name variant,Harry Potter,author_variant
CAT-012,Harry Potter and the Order of the Phoenix,J.K. Rowling,Order of the Phoenix,9780439358071,2003,,Harry Potter,
CAT-013,Harry Potter and the Half-Blood Prince,J.K. Rowling,Half-Blood Prince|Half Blood Prince,9780439785969,2005,,Harry Potter,
CAT-014,Harry Potter and the Deathly Hallows,J.K. Rowling,Deathly Hallows,9780545010221,2007,,Harry Potter,
CAT-015,The Road,Cormac McCarthy,,9780307387899,2006,Pulitzer novel,,shared_title
CAT-016,The Road,Jack London,The Road (Jack London),9780486475721,1907,"Different book, same title",,shared_title
CAT-017,Beloved,Toni Morrison,,9781400033416,1987,,,shared_title
CAT-018,Beloved,Bertrice Small,,9780451205360,2000,"Romance novel, unrelated to Morrison",,shared_title
CAT-019,Rebecca,Daphne du Maurier,Rebecca (du Maurier),9780380730407,1938,,,shared_title
CAT-020,Rebecca,Daphne DuMaurier,Rebecca of Sunnybrook Farm (confusion bait — different work),9780380000000,1938,"Same work, alternate author spelling; alt field deliberately noisy",,author_variant
CAT-021,The Lord of the Rings,J.R.R. Tolkien,Lord of the Rings|LOTR,9780618640157,2005,Single-volume omnibus,The Lord of the Rings,omnibus
CAT-022,The Fellowship of the Ring,J.R.R. Tolkien,Fellowship of the Ring|LOTR Book 1,9780547928210,2012,Individual volume contained in omnibus CAT-021,The Lord of the Rings,omnibus
CAT-023,The Two Towers,J.R.R. Tolkien,Two Towers|LOTR Book 2,9780547928203,2012,Individual volume contained in omnibus CAT-021,The Lord of the Rings,omnibus
CAT-024,The Return of the King,J.R.R. Tolkien,Return of the King|LOTR Book 3,9780547928197,2012,Individual volume contained in omnibus CAT-021,The Lord of the Rings,omnibus
CAT-025,The Hobbit,J.R.R. Tolkien,There and Back Again|Hobbit,9780547928227,2012,Prequel; title is substring risk with related Tolkien shelves,,substring
CAT-026,The Hobbit and The Lord of the Rings,John Ronald Reuel Tolkien,Hobbit / LOTR boxed set|Tolkien boxed set,9780345538376,2012,Boxed set; author expanded name form,,author_variant
CAT-027,His Dark Materials,Philip Pullman,Dark Materials trilogy,9780440238133,2003,Omnibus of Northern Lights / Subtle Knife / Amber Spyglass,His Dark Materials,omnibus
CAT-028,The Golden Compass,Philip Pullman,Northern Lights|Golden Compass,9780440418603,1995,US title; UK is Northern Lights — contained in omnibus,His Dark Materials,us_uk_title
CAT-029,Northern Lights,Philip Pullman,The Golden Compass|Northern Lights (His Dark Materials),9781407130224,1995,UK title of Golden Compass,His Dark Materials,us_uk_title
CAT-030,The Subtle Knife,Philip Pullman,Subtle Knife,9780440418604,1997,Volume 2; in omnibus CAT-027,His Dark Materials,omnibus
CAT-031,The Amber Spyglass,Philip Pullman,Amber Spyglass,9780440418605,2000,Volume 3; in omnibus CAT-027,His Dark Materials,omnibus
CAT-032,It,Stephen King,,9781501142970,1986,Very short title; substring of many others,,substring
CAT-033,It Can't Happen Here,Sinclair Lewis,It Cannot Happen Here,9780451213846,1935,Contains 'It' as substring,,substring
CAT-034,Carrie,Stephen King,,9780307743664,1974,,,substring
CAT-035,Carrie Soto Is Back,Taylor Jenkins Reid,,9780593158241,2022,Title starts with Carrie,,substring
CAT-036,Dune,Frank Herbert,,9780441172719,1965,,Dune,substring
CAT-037,Dune Messiah,Frank Herbert,,9780441172696,1969,Title contains Dune,Dune,substring
CAT-038,Children of Dune,Frank Herbert,,9780441104024,1976,,Dune,substring
CAT-039,God Emperor of Dune,Frank Herbert,,9780441294671,1981,,Dune,
CAT-040,Heretics of Dune,Frank Herbert,,9780441328000,1984,,Dune,
CAT-041,Chapterhouse: Dune,Frank Herbert,Chapterhouse Dune|Chapter House Dune,9780441102673,1985,,Dune,
CAT-042,One Hundred Years of Solitude,Gabriel García Márquez,Cien años de soledad|100 Years of Solitude,9780060883287,1967,Accented author name,,author_variant
CAT-043,One Hundred Years of Solitude,Gabriel Garcia Marquez,Cien anos de soledad|Hundred Years of Solitude,9780061120091,2006,Unaccented author spelling; second edition entry,,author_variant
CAT-044,Love in the Time of Cholera,"García Márquez, Gabriel",El amor en los tiempos del cólera,9780307389732,1985,"Lastname, Firstname author order",,author_variant
CAT-045,Crime and Punishment,Fyodor Dostoevsky,Prestuplenie i nakazanie|Crime & Punishment,9780140449136,1866,Common English transliteration,,author_variant
CAT-046,Crime and Punishment,Fedor Dostoevskii,Crime and Punishment (Pevear/Volokhonsky),9780679734505,1993,Alternate transliteration + different ISBN edition,,author_variant
CAT-047,Anna Karenina,Leo Tolstoy,Anna Karenin,9780143035008,1878,,,author_variant
CAT-048,War and Peace,Lev Tolstoi,Voyna i mir|War & Peace,9781400079986,1869,Transliterated given name + surname,,author_variant
CAT-049,The Metamorphosis,Franz Kafka,Die Verwandlung|Metamorphosis,9780553213690,1915,,,us_uk_title
CAT-050,Metamorphosis,Franz Kafka,The Metamorphosis|Die Verwandlung,9780143105244,2002,Title without leading The,,us_uk_title
CAT-051,To Kill a Mockingbird,Harper Lee,Kill a Mockingbird,9780061120084,1960,,,
CAT-052,Go Set a Watchman,Harper Lee,,9780062409850,2015,Related Lee novel,,
CAT-053,The Great Gatsby,F. Scott Fitzgerald,Great Gatsby,9780743273565,1925,,,
CAT-054,The Catcher in the Rye,J.D. Salinger,Catcher in the Rye,9780316769488,1951,,,
CAT-055,Catcher in the Rye,JD Salinger,The Catcher in the Rye,9780241950432,2010,UK Penguin; author without periods; title without The,,author_variant
CAT-056,Brave New World,Aldous Huxley,,9780060850524,1932,,,
CAT-057,Fahrenheit 451,Ray Bradbury,Farenheit 451,9781451673319,1953,Common misspelling in alternate_titles,,
CAT-058,Animal Farm,George Orwell,,9780451526342,1945,,,
CAT-059,The Handmaid's Tale,Margaret Atwood,Handmaid's Tale|Handmaids Tale,9780385490818,1985,,,
CAT-060,The Testaments,Margaret Atwood,,9780385543781,2019,Sequel to Handmaid's Tale,,
CAT-061,Sapiens,Yuval Noah Harari,Sapiens: A Brief History of Humankind|A Brief History of Humankind,9780062316097,2011,Spine often shows short title only,,substring
CAT-062,Sapiens: A Brief History of Humankind,Yuval N. Harari,Sapiens,9780062316110,2015,Full title edition; author middle initial,,edition_pair
CAT-063,Homo Deus,Yuval Noah Harari,Homo Deus: A Brief History of Tomorrow,9780062464316,2015,,,
CAT-064,Educated,Tara Westover,Educated: A Memoir,9780399590504,2018,,,
CAT-065,Becoming,Michelle Obama,,9781524763138,2018,,,
CAT-066,Atomic Habits,James Clear,Atomic Habits: An Easy & Proven Way to Build Good Habits & Break Bad Ones,9780735211292,2018,,,
CAT-067,The Subtle Art of Not Giving a F*ck,Mark Manson,Subtle Art of Not Giving a Fuck|The Subtle Art of Not Giving a Fuck,9780062457718,2016,Censored vs uncensored spine text,,
CAT-068,"Thinking, Fast and Slow",Daniel Kahneman,Thinking Fast and Slow,9780374533557,2011,,,
CAT-069,The Alchemist,Paulo Coelho,Alchemist|O Alquimista,9780062315007,1988,,,shared_title
CAT-070,The Alchemist,Michael Scott,The Alchemyst|Alchemyst: The Secrets of the Immortal Nicholas Flamel,9780385737258,2007,Different book (often misshelved / misspelled as Alchemist),The Secrets of the Immortal Nicholas Flamel,shared_title
CAT-071,The Da Vinci Code,Dan Brown,Da Vinci Code,9780307474278,2003,,Robert Langdon,
CAT-072,Angels & Demons,Dan Brown,Angels and Demons,9780743493468,2000,,Robert Langdon,
CAT-073,Inferno,Dan Brown,,9780804172264,2013,,Robert Langdon,shared_title
CAT-074,Inferno,Dante Alighieri,The Inferno|Inferno (Divine Comedy),9780142437223,1320,"Different book, same short title",The Divine Comedy,shared_title
CAT-075,The Divine Comedy,Dante Alighieri,Divina Commedia|Divine Comedy,9780140448955,1320,Omnibus of Inferno / Purgatorio / Paradiso,The Divine Comedy,omnibus
CAT-076,Purgatorio,Dante Alighieri,Purgatory,9780142437224,1320,Individual canticle in Divine Comedy,The Divine Comedy,omnibus
CAT-077,Paradiso,Dante Alighieri,Paradise,9780142437225,1320,Individual canticle in Divine Comedy,The Divine Comedy,omnibus
CAT-078,A Game of Thrones,George R.R. Martin,Game of Thrones|AGOT,9780553386790,1996,,A Song of Ice and Fire,
CAT-079,A Clash of Kings,George R. R. Martin,Clash of Kings|ACOK,9780553381696,1999,Author spacing variant in initials,A Song of Ice and Fire,author_variant
CAT-080,A Storm of Swords,George RR Martin,Storm of Swords|ASOS,9780553381702,2000,Author initials without periods,A Song of Ice and Fire,author_variant
CAT-081,A Feast for Crows,"Martin, George R.R.",Feast for Crows|AFFC,9780553582024,2005,"Lastname, Firstname order",A Song of Ice and Fire,author_variant
CAT-082,A Dance with Dragons,George R.R. Martin,Dance with Dragons|ADWD,9780553582017,2011,,A Song of Ice and Fire,
CAT-083,A Song of Ice and Fire,George R.R. Martin,ASOIAF|Game of Thrones series box set,9780345535528,2011,Boxed / collected set covering volumes 1–5,A Song of Ice and Fire,omnibus
CAT-084,The Name of the Wind,Patrick Rothfuss,Name of the Wind,9780756404741,2007,,The Kingkiller Chronicle,
CAT-085,The Wise Man's Fear,Patrick Rothfuss,Wise Man's Fear|Wise Mans Fear,9780756407919,2011,,The Kingkiller Chronicle,
CAT-086,Project Hail Mary,Andy Weir,Hail Mary,9780593135204,2021,,,
CAT-087,The Martian,Andy Weir,Martian,9780553418026,2014,,,
CAT-088,Ready Player One,Ernest Cline,,9780307887443,2011,,,
CAT-089,Ready Player Two,Ernest Cline,,9781524761332,2020,Sequel; substring overlap with Ready Player One,,substring
CAT-090,The Hunger Games,Suzanne Collins,Hunger Games,9780439023528,2008,,The Hunger Games,substring
CAT-091,Catching Fire,Suzanne Collins,The Hunger Games: Catching Fire,9780439023498,2009,,The Hunger Games,
CAT-092,Mockingjay,Suzanne Collins,The Hunger Games: Mockingjay,9780439023511,2010,,The Hunger Games,
CAT-093,The Hunger Games Trilogy,Suzanne Collins,Hunger Games box set|Hunger Games omnibus,9780545265355,2010,Collected edition of books 1–3,The Hunger Games,omnibus
CAT-094,Twilight,Stephenie Meyer,,9780316015844,2005,,The Twilight Saga,shared_title
CAT-095,Twilight,Stephanie Meyer,Twilight Saga Book 1,9781904233657,2007,Common misspelling of author's given name,The Twilight Saga,author_variant
CAT-096,New Moon,Stephenie Meyer,,9780316024969,2006,,The Twilight Saga,
CAT-097,Eclipse,Stephenie Meyer,,9780316160209,2007,,The Twilight Saga,shared_title
CAT-098,Eclipse,John Banville,,9780375725296,2000,Literary novel; same short title as Meyer,,shared_title
CAT-099,Breaking Dawn,Stephenie Meyer,,9780316067928,2008,,The Twilight Saga,
CAT-100,Where the Crawdads Sing,Delia Owens,Crawdads Sing,9780735219090,2018,,,
CAT-101,The Silent Patient,Alex Michaelides,Silent Patient,9781250301697,2019,,,
CAT-102,Gone Girl,Gillian Flynn,,9780307588371,2012,,,
CAT-103,The Girl with the Dragon Tattoo,Stieg Larsson,Girl with the Dragon Tattoo|Män som hatar kvinnor,9780307454546,2005,English title; Swedish original differs,Millennium,us_uk_title
CAT-104,The Girl Who Played with Fire,Stieg Larsson,Girl Who Played with Fire,9780307454553,2006,,Millennium,substring
CAT-105,The Girl Who Kicked the Hornet's Nest,Stieg Larsson,Girl Who Kicked the Hornets Nest|Hornet's Nest,9780307454560,2007,,Millennium,substring
CAT-106,Normal People,Sally Rooney,,9781984822178,2018,,,
CAT-107,Conversations with Friends,Sally Rooney,,9780451499059,2017,,,
CAT-108,Circe,Madeline Miller,,9780316556347,2018,,,
CAT-109,The Song of Achilles,Madeline Miller,Song of Achilles,9780062060624,2011,,,
CAT-110,Klara and the Sun,Kazuo Ishiguro,,9780593318171,2021,,,
CAT-111,Never Let Me Go,Kazuo Ishiguro,,9781400078776,2005,,,
CAT-112,The Remains of the Day,Kazuo Ishiguro,Remains of the Day,9780679731726,1989,,,
CAT-113,Life of Pi,Yann Martel,,9780156027328,2001,,,
CAT-114,The Kite Runner,Khaled Hosseini,Kite Runner,9781594631931,2003,,,
CAT-115,A Thousand Splendid Suns,Khaled Hosseini,Thousand Splendid Suns,9781594483851,2007,,,
CAT-116,And Then There Were None,Agatha Christie,Ten Little Indians|Ten Little Soldiers,9780062073488,1939,Famous retitled Christie novel (US/UK history),,us_uk_title
CAT-117,Murder on the Orient Express,Agatha Christie,Orient Express,9780062693662,1934,,Hercule Poirot,
CAT-118,The Murder of Roger Ackroyd,Agatha Christie,Murder of Roger Ackroyd,9780062073563,1926,,Hercule Poirot,
CAT-119,Steve Jobs,Walter Isaacson,Steve Jobs: The Exclusive Biography,9781451648539,2011,Biography; spine often just the subject name,,
CAT-120,Leonardo da Vinci,Walter Isaacson,da Vinci biography,9781501139154,2017,Can collide with Da Vinci Code on fuzzy title match,,substring
CAT-121,Outliers,Malcolm Gladwell,Outliers: The Story of Success,9780316017930,2008,,,
CAT-122,The Tipping Point,Malcolm Gladwell,Tipping Point,9780316346627,2000,,,
CAT-123,Blink,Malcolm Gladwell,Blink: The Power of Thinking Without Thinking,9780316010665,2005,Short title; high collision risk,,substring
CAT-124,The Power of Habit,Charles Duhigg,Power of Habit,9780812981605,2012,,,
CAT-125,Quiet,Susan Cain,Quiet: The Power of Introverts in a World That Can't Stop Talking,9780307352156,2012,Short spine title,,substring
